{"IcoMoonType":"selection","icons":[{"icon":{"paths":["M1024 384h-384l143.53-143.53c-72.53-72.526-168.96-112.47-271.53-112.47s-199 39.944-271.53 112.47c-72.526 72.53-112.47 168.96-112.47 271.53s39.944 199 112.47 271.53c72.53 72.526 168.96 112.47 271.53 112.47s199-39.944 271.528-112.472c6.056-6.054 11.86-12.292 17.456-18.668l96.32 84.282c-93.846 107.166-231.664 174.858-385.304 174.858-282.77 0-512-229.23-512-512s229.23-512 512-512c141.386 0 269.368 57.326 362.016 149.984l149.984-149.984v384z"],"tags":["spinner","loading","loading-wheel","refresh","repeat","busy","wait","arrow"],"defaultCode":59780,"grid":16,"attrs":[]},"attrs":[],"properties":{"ligatures":"spinner11, loading12","name":"spinner11","order":3,"id":133,"prevSize":32,"code":59780},"setIdx":0,"setId":1,"iconIdx":132},{"icon":{"paths":["M0 832h1024v128h-1024zM128 576h128v192h-128zM320 320h128v448h-128zM512 512h128v256h-128zM704 128h128v640h-128z"],"tags":["stats-bars","stats","statistics","chart"],"defaultCode":59804,"grid":16,"attrs":[]},"attrs":[],"properties":{"ligatures":"stats-bars, stats3","name":"stats-bars","order":5,"id":157,"prevSize":32,"code":59804},"setIdx":0,"setId":1,"iconIdx":156},{"icon":{"paths":["M736 1024l-256-256 544-544-224-224-544 544-256-255.998v735.998h736z"],"tags":["arrow-down-left","down-left","arrow-bottom-left"],"defaultCode":59959,"grid":16,"attrs":[]},"attrs":[],"properties":{"ligatures":"arrow-down-left, down-left","name":"arrow-down-left","order":6,"id":312,"prevSize":32,"code":59959},"setIdx":0,"setId":1,"iconIdx":311}],"height":1024,"metadata":{"name":"icomoon"},"preferences":{"showGlyphs":true,"showQuickUse":true,"showQuickUse2":true,"showSVGs":true,"fontPref":{"prefix":"icon-","metadata":{"fontFamily":"icomoon"},"metrics":{"emSize":1024,"baseline":6.25,"whitespace":50},"embed":false},"imagePref":{"prefix":"icon-","png":true,"useClassSelector":true,"color":0,"bgColor":16777215,"classSelector":".icon"},"historySize":50,"showCodes":true,"gridSize":16}}